<?xml version="1.0" encoding="utf-8"?>
<odoo>
    <data noupdate="1">
        <record id="op_admission_register_1" model="op.admission.register">
            <field name="name">Bachelor of Accountancy</field>
            <field name="min_count">10</field>
            <field name="max_count">50</field>
            <field name="state">application</field>
            <field name="start_date" eval="DateTime.now() - relativedelta(days=15)"/>
            <field name="end_date" eval="DateTime.now() + relativedelta(days=15)"/>
            <field name="course_id" ref="openeducat_core.op_course_2"/>
            <field name="product_id" ref="openeducat_fees.op_product_1"/>
        </record>

        <record id="op_admission_register_2" model="op.admission.register">
            <field name="name">Land Restoration Programme</field>
            <field name="min_count">10</field>
            <field name="max_count">50</field>
            <field name="state">done</field>
            <field name="start_date" eval="DateTime.now() - relativedelta(days=15)"/>
            <field name="end_date" eval="DateTime.now() + relativedelta(days=15)"/>
            <field name="course_id" ref="openeducat_core.op_course_4"/>
            <field name="product_id" ref="openeducat_fees.op_product_3"/>
        </record>

        <record id="op_admission_register_3" model="op.admission.register">
            <field name="name">IELTS</field>
            <field name="min_count">10</field>
            <field name="max_count">50</field>
            <field name="state">done</field>
            <field name="start_date" eval="DateTime.now() - relativedelta(days=12)"/>
            <field name="end_date" eval="DateTime.now() + relativedelta(days=14)"/>
            <field name="course_id" ref="openeducat_core.op_course_5"/>
            <field name="product_id" ref="openeducat_fees.op_product_5"/>
        </record>

        <record id="op_admission_register_4" model="op.admission.register">
            <field name="name">Grade-8-Course</field>
            <field name="min_count">10</field>
            <field name="max_count">50</field>
            <field name="state">done</field>
            <field name="start_date" eval="DateTime.now() - relativedelta(days=11)"/>
            <field name="end_date" eval="DateTime.now() + relativedelta(days=13)"/>
            <field name="course_id" ref="openeducat_core.op_course_6"/>
            <field name="product_id" ref="openeducat_fees.op_product_6"/>
        </record>
    </data>
</odoo>
