<?xml version="1.0" encoding="UTF-8"?>
<odoo>
    <data>
        <record id="home_page" model="ir.ui.view">
            <field name="name">Home Page</field>
            <field name="type">qweb</field>
            <field name="key">website.homepage1</field>
            <field name="mode">primary</field>
            <field name="active">True</field>
            <field name="arch" type="xml">
                <t name="Homepage" t-name="website.homepage1">
                    <t t-call="website.layout">
                        <t t-set="pageName" t-value="'homepage'"/>
                        <div id="wrap" class="oe_structure oe_empty">
                            <section id="home-page">

                                <div id="myCarousel1562761762866"
                                     class="s_carousel carousel slide s_carousel_default"
                                     data-interval="10000">

                                    <div class="carousel-inner">
                                        <div class="carousel-item oe_custom_bg oe_img_bg pt64 pb64 active background_style"
                                             style="background-image: url(&quot;/web_openeducat/static/src/img/slider-1.jpg&quot;);"
                                             data-name="Slide">
                                            <div class="container">
                                                <div class="row content">
                                                    <div class="carousel-content col-12 col-sm-12 col-md-7 col-lg-7 d-flex flex-wrap align-content-center">
                                                        <div class="s_title pb8" data-name="Title">
                                                            <h1 class="text-white font-weight-bold">Make
                                                                Your Own World
                                                            </h1>
                                                        </div>
                                                        <p class="text_style text-white">Lorem ipsum dolor sit amet,
                                                            consectetur adipisicing elit,
                                                            sed do eiusmod tempor incididunt ut labore et dolore
                                                            magna aliqua. Ut enim
                                                            ad minim veniam, quis nostrud exercitation
                                                        </p>
                                                        <div class="text-left pt16" data-name="Buttons">
                                                            <a href="#"
                                                               class="btn btn-primary btn_style font-weight-bold mr-4 bg-secondary">
                                                                ABOUT US
                                                            </a>
                                                            <a href="#"
                                                               class="btn btn-primary btn_style font-weight-bold bg-secondary">
                                                                CONTACT US
                                                            </a>
                                                        </div>
                                                    </div>
                                                    <div class="col-12 col-sm-12 col-md-5 col-lg-5">
                                                        <img src="web_openeducat/static/src/img/single-slide-1.png"
                                                             class="image_style img-fluid"/>
                                                    </div>
                                                </div>
                                            </div>
                                        </div>
                                    </div>
                                </div>
                            </section>
                            <section id="home-page">
                                <div class="container-fluid">
                                    <div class="row paragraph m-2">
                                        <div class="col-12 col-sm-12 col-md-6 col-lg-3  bg-primary">
                                            <div class="media px-3 py-5">
                                                <img src="web_openeducat/static/src/img/service-1.png"
                                                     class="mr-3 icon_style "/>
                                                <div class="media-body">
                                                    <h5 class="font-weight-bold">Scholarship Facility</h5>
                                                    <p>Lorem ipsum dolor sit amet, conse ctetur adipi sicing elit,
                                                        sed do eiusm od tempor incidi dunt ut labore et dolore.
                                                    </p>
                                                </div>
                                            </div>
                                        </div>
                                        <div class="col-12 col-sm-12 col-md-6 col-lg-3  bg-secondary">
                                            <div class="media px-3 py-5">
                                                <img src="web_openeducat/static/src/img/service-2.png"
                                                     class="mr-3 icon_style "/>
                                                <div class="media-body text-white">
                                                    <h5 class="font-weight-bold">Student Management</h5>
                                                    <p>Lorem ipsum dolor sit amet, conse ctetur adipi sicing elit,
                                                        sed do eiusm od tempor incidi dunt ut labore et dolore.
                                                    </p>
                                                </div>
                                            </div>
                                        </div>
                                        <div class="col-12 col-sm-12 col-md-6 col-lg-3  bg-primary">
                                            <div class="media px-3 py-5">
                                                <img src="web_openeducat/static/src/img/service-1.png"
                                                     class="mr-3 icon_style "/>
                                                <div class="media-body text-white">
                                                    <h5 class="font-weight-bold">Library Management</h5>
                                                    <p>Lorem ipsum dolor sit amet, conse ctetur adipi sicing elit,
                                                        sed do eiusm od tempor incidi dunt ut labore et dolore.
                                                    </p>
                                                </div>
                                            </div>
                                        </div>
                                        <div class="col-12 col-sm-12 col-md-6 col-lg-3  bg-secondary">
                                            <div class="media px-3 py-5">
                                                <img src="web_openeducat/static/src/img/service-1.png"
                                                     class="mr-3 icon_style "/>
                                                <div class="media-body">
                                                    <h5 class="font-weight-bold">Placement Facility</h5>
                                                    <p>Lorem ipsum dolor sit amet, conse ctetur adipi sicing elit,
                                                        sed do eiusm od tempor incidi dunt ut labore et dolore.
                                                    </p>
                                                </div>
                                            </div>
                                        </div>

                                    </div>
                                </div>
                            </section>
                            <section id="about" class="pb64">
                                <div class="container">
                                    <div class="row">
                                        <div class="col-12 col-sm-12 col-md-6 col-lg-6 pb32">
                                            <div class="border-left border-primary px-3">
                                                <h2 class="font-weight-bold text_format">About
                                                    <span class="text-primary font-weight-normal">US</span>
                                                </h2>
                                                <p class="text-primary">
                                                    tempor incididunt ut labore et dolore magna aliqua. Ut enim ad minim
                                                    veniam,
                                                    quis nostrud exercitation ullamco laboris nisi ut aliquip
                                                </p>
                                            </div>
                                            <div>
                                                <p class="pt-3">eiusmod tempor incididunt ut labore et dolore magna
                                                    aliqua. Ut enim ad minim ven iam, quis nostrud exer citation ullamco
                                                    laboris nisi ut
                                                    perspiciatis unde omnis iste natus error sit voluptate.
                                                </p>
                                            </div>
                                            <div class="pt16" data-name="Buttons">
                                                <a href="#" class="btn btn-primary default-btn font-weight-bold mr-4">
                                                    ABOUT US
                                                </a>
                                            </div>
                                        </div>
                                        <div class="col-12 col-sm-12 col-lg-6 col-md-6">
                                            <div class="about-img">
                                                <img src="web_openeducat/static/src/img/banner-1.jpg"
                                                     class="img-fluid"/>
                                                <a target="_blank" class="video-btn video-popup"
                                                   href="https://www.youtube.com/watch?v=XLf7nL7xemQ">
                                                    <img class="img-fluid"
                                                         src="web_openeducat/static/src/img/video.png"/>
                                                </a>
                                            </div>
                                        </div>
                                    </div>
                                </div>
                            </section>
                            <section class="pb64 pt64 bg-img"
                                     style="background-image:url(&quot; /web_openeducat/static/src/img/bg-1.jpg &quot;)"
                                     id="ourcourse">
                                <div class="container">
                                    <div class="row mb64">
                                        <div class="col-12 col-sm-12 col-md-9 col-lg-9 mt64">
                                            <div class="border-left border-primary px-3">
                                                <h2 class="font-weight-normal text-primary text_format">Our
                                                    <span class="font-weight-bold text-black">Courses</span>
                                                </h2>
                                                <p>
                                                    tempor incididunt ut labore et dolore magna aliqua. Ut enim ad minim
                                                    <br/>
                                                    veniam
                                                    quis nostrud exercitation ullamco laboris nisi ut aliquip
                                                </p>
                                            </div>
                                        </div>
                                        <div class="col-12 col-sm-12 col-md-3 col-lg-3">
                                            <div data-name="Buttons">
                                                <a href="#" class="btn btn-primary default-btn font-weight-bold">
                                                    VIEW MORE
                                                </a>
                                            </div>
                                        </div>
                                    </div>
                                    <div class="row">
                                        <div class="col-12 col-sm-12 col-md-4 col-lg-4 coursedetails pb32">
                                            <div class="hovereffect">
                                                <a href="#" target="_blank">
                                                    <img src="web_openeducat/static/src/img/course-1.jpg"
                                                         class="img-fluid"/>
                                                    <span class="heading">Addmission Going On</span>
                                                </a>
                                            </div>
                                            <div class="p-3 bg-white blog-content">
                                                <h5 class="font-weight-bold">
                                                    <a href="#">Apparel Manufacturing</a>
                                                </h5>
                                                <p>magna aliqua. Ut enim ad minim veniam, nisi ut aliquiptempor incid.
                                                </p>
                                            </div>
                                            <div class="overlay">
                                                <div class="bg-white icon_block">
                                                    <i class="fa fa-clock-o text-primary icon_style"></i>
                                                    <span class="icon_text">Duration : 1yr</span>
                                                </div>
                                                <div class="bg-white">
                                                    <a class="btn icon_btn btn-primary font-weight-bold" href="#">APPLY
                                                        NOW
                                                    </a>
                                                </div>
                                            </div>

                                        </div>
                                        <div class="col-12 col-sm-12 col-md-4 col-lg-4 coursedetails pb32">
                                            <div class="hovereffect">
                                                <a href="#" target="_blank">
                                                    <img src="web_openeducat/static/src/img/course-2.jpg"
                                                         class="img-fluid"/>
                                                </a>
                                            </div>
                                            <div class="p-3 bg-white blog-content">
                                                <h5 class="font-weight-bold">
                                                    <a href="#">Graphic Design &amp; Multimedia</a>
                                                </h5>
                                                <p>magna aliqua. Ut enim ad minim veniam, nisi ut aliquiptempor incid.
                                                </p>
                                            </div>
                                            <div class="overlay">
                                                <div class="bg-white icon_block">
                                                    <i class="fa fa-clock-o text-primary icon_style"></i>
                                                    <span class="icon_text">Duration : 2yrs</span>
                                                </div>
                                                <div class="bg-white">
                                                    <a class="btn icon_btn btn-primary font-weight-bold" href="#">APPLY
                                                        NOW
                                                    </a>
                                                </div>
                                            </div>

                                        </div>
                                        <div class="col-12 col-sm-12 col-md-4 col-lg-4 coursedetails">
                                            <div class="hovereffect">
                                                <a href="#" target="_blank">
                                                    <img src="web_openeducat/static/src/img/course-3.jpg"
                                                         class="img-fluid"/>
                                                </a>
                                                <span class="heading">Post Graduation Course</span>

                                            </div>
                                            <div class="p-3 bg-white blog-content">
                                                <h5 class="font-weight-bold ">
                                                    <a href="#">Computer Engineering</a>
                                                </h5>
                                                <p>magna aliqua. Ut enim ad minim veniam, nisi ut aliquiptempor incid.
                                                </p>
                                            </div>
                                            <div class="overlay">
                                                <div class="bg-white icon_block">
                                                    <i class="fa fa-clock-o text-primary icon_style"></i>
                                                    <span class="icon_text">Duration : 4yrs</span>
                                                </div>
                                                <div class="bg-white">
                                                    <a class="btn icon_btn btn-primary font-weight-bold" href="#">APPLY
                                                        NOW
                                                    </a>
                                                </div>
                                            </div>
                                        </div>
                                    </div>
                                </div>
                            </section>
                            <section id="achieve" class="pb64 pt64">
                                <div class="container">
                                    <div class="row pt32 pb32">
                                        <div class="col-12 col-sm-12 col-md-12 col-lg-12">
                                            <div class="border-left border-primary px-3">
                                                <h2 class="text-black font-weight-bold text_format">Our
                                                    <span class="text-primary font-weight-normal">Achievement</span>
                                                </h2>
                                                <p>tempor incididunt ut labore et dolore magna aliqua. Ut enim ad minim
                                                    <br/>
                                                    veniam, quis nostrud exercitation ullamco laboris nisi ut aliquip
                                                </p>
                                            </div>
                                        </div>
                                    </div>
                                    <div class="row">
                                        <div class="col-12  col-sm-12-6 col-md-6 col-lg-3 single-count pb32">
                                            <div class="d-flex">
                                                <div class="p-3">
                                                    <img src="web_openeducat/static/src/img/achieve-1.png" alt=""
                                                         class="mr-4"/>
                                                </div>
                                                <div>
                                                    <h2 class="text-primary font-weight-bold">
                                                        <span style="font-size:1.5em;">890</span>
                                                    </h2>
                                                    <span class="font-weight-bold">STUDENTS</span>
                                                </div>
                                            </div>
                                        </div>
                                        <div class="col-12  col-sm-12-6 col-md-6 col-lg-3 single-count pb32">
                                            <div class="d-flex">
                                                <div class="p-3">
                                                    <img src="web_openeducat/static/src/img/achieve-2.png" alt=""
                                                         class="mr-4"/>
                                                </div>
                                                <div>
                                                    <h2 class="text-primary font-weight-bold">
                                                        <span style="font-size:1.5em;">670</span>
                                                    </h2>
                                                    <span class="font-weight-bold">GRADUATE</span>
                                                </div>

                                            </div>
                                        </div>
                                        <div class="col-12  col-sm-12-6 col-md-6 col-lg-3 single-count pb32">
                                            <div class="d-flex">
                                                <div class="p-3">
                                                    <img src="web_openeducat/static/src/img/achieve-3.png" alt=""
                                                         class="mr-4"/>
                                                </div>
                                                <div>
                                                    <h2 class="text-primary font-weight-bold">
                                                        <span style="font-size:1.5em;">160</span>
                                                    </h2>
                                                    <span class="font-weight-bold">AWARD WINNING</span>
                                                </div>

                                            </div>
                                        </div>
                                        <div class="col-12  col-sm-12-6 col-md-6 col-lg-3">
                                            <div class="d-flex">
                                                <div class="p-3">
                                                    <img src="web_openeducat/static/src/img/achieve-4.png" alt=""
                                                         class="mr-4"/>
                                                </div>
                                                <div>
                                                    <h2 class="text-primary font-weight-bold">
                                                        <span style="font-size:1.5em;">200</span>
                                                    </h2>
                                                    <span class="font-weight-bold">FACULTIES</span>
                                                </div>
                                            </div>
                                        </div>
                                    </div>
                                    <div class="row mt-5 mb-5 no-gutters">
                                        <div class="col-12 col-sm-12 col-md-6 col-lg-6 ml-auto">
                                            <img src="web_openeducat/static/src/img/testi-b1.jpg"
                                                 class="img-fluid w-100 h-100"/>
                                        </div>
                                        <div class="col-12 col-sm-12 col-md-6 col-lg-6 default-overlay p-3 bg-img ml-auto">
                                            <div class="textlayout pt-4 px-3">
                                                <i class="fa fa-quote-left text-white"></i>
                                                <p class="text-white pt-3 pb-3">Lorem ipsum dolor sit amet, conse ctetur
                                                    adipi sicing elit, sed do eiusm od tempor incidi dunt ut labore et
                                                    dolore magna aliqua. Ut enim fugiat nulla pariatur. Excepteur sint
                                                    occaecat cupidatat non proident, sunt in culpa qui officia deserunt
                                                    mollit anim id est laborum. Sed ut perspiciatis unde omnis iste
                                                    natus error sit
                                                </p>
                                                <h5 class="font-weight-bold text-white">AYESHA HOQUE</h5>
                                                <span class="font-weight-bold text-white">Students Of AMMT Department
                                                </span>
                                                <div class="text-right  mr-5">
                                                    <i class="fa fa-quote-right text-white"></i>
                                                </div>
                                            </div>
                                        </div>
                                    </div>
                                </div>
                            </section>
                            <section class="pt64 pb64" id="teacher">
                                <div class="container">
                                    <div class="row">
                                        <div class="col-12 col-sm-12 col-md-12 col-lg-12">
                                            <div class="border-left border-primary px-3">
                                                <h2 class="text-black font-weight-bold text_format">Best
                                                    <span class="text-primary font-weight-normal">Teacher</span>
                                                </h2>
                                                <p>tempor incididunt ut labore et dolore magna aliqua. Ut enim ad minim
                                                    <br/>
                                                    veniam, quis nostrud exercitation ullamco laboris nisi ut aliquip
                                                </p>
                                            </div>
                                        </div>
                                    </div>
                                    <div class="custom-row row pt32">
                                        <div class="custom-col-5">
                                            <div class="single-teacher mb-30">
                                                <div class="teacher-img">
                                                    <img src="web_openeducat/static/src/img/teacher-1.jpg" alt="img1"
                                                         class="img-fluid pb24"/>
                                                </div>
                                                <div class="teacher-content-visible">

                                                    <h4>Fawad Khan</h4>
                                                    <h5>Lecturer</h5>
                                                </div>
                                                <div class="teacher-content-wrap">
                                                    <div class="teacher-content">
                                                        <h4>Fawad Khan</h4>
                                                        <h5>Lecturer</h5>
                                                        <p>Tempor incididunt magna aliqua.</p>
                                                        <div class="teacher-social">
                                                            <ul>
                                                                <li>
                                                                    <a class="facebook" href="#">
                                                                        <i class="fa fa-facebook"></i>
                                                                    </a>
                                                                </li>
                                                                <li>
                                                                    <a class="youtube-play" href="#">
                                                                        <i class="fa fa-youtube-play"></i>
                                                                    </a>
                                                                </li>
                                                                <li>
                                                                    <a class="twitter" href="#">
                                                                        <i class="fa fa-twitter"></i>
                                                                    </a>
                                                                </li>
                                                                <li>
                                                                    <a class="google-plus" href="#">
                                                                        <i class="fa fa-google-plus"></i>
                                                                    </a>
                                                                </li>
                                                            </ul>
                                                        </div>
                                                    </div>
                                                </div>
                                            </div>
                                        </div>
                                        <div class="custom-col-5">
                                            <div class="single-teacher mb-30">
                                                <div class="teacher-img">
                                                    <img src="web_openeducat/static/src/img/teacher-2.jpg" alt="img1"
                                                         class="img-fluid pb24"/>
                                                </div>
                                                <div class="teacher-content-visible">
                                                    <h4>Kelly Staats</h4>
                                                    <h5>Lecturer</h5>
                                                </div>
                                                <div class="teacher-content-wrap">
                                                    <div class="teacher-content">
                                                        <h4>Kelly Staats</h4>
                                                        <h5>Lecturer</h5>
                                                        <p>Tempor incididunt magna aliqua.</p>
                                                        <div class="teacher-social">
                                                            <ul>
                                                                <li>
                                                                    <a class="facebook" href="#">
                                                                        <i class="fa fa-facebook"></i>
                                                                    </a>
                                                                </li>
                                                                <li>
                                                                    <a class="youtube-play" href="#">
                                                                        <i class="fa fa-youtube-play"></i>
                                                                    </a>
                                                                </li>
                                                                <li>
                                                                    <a class="twitter" href="#">
                                                                        <i class="fa fa-twitter"></i>
                                                                    </a>
                                                                </li>
                                                                <li>
                                                                    <a class="google-plus" href="#">
                                                                        <i class="fa fa-google-plus"></i>
                                                                    </a>
                                                                </li>
                                                            </ul>
                                                        </div>
                                                    </div>
                                                </div>
                                            </div>
                                        </div>

                                        <div class="custom-col-5">
                                            <div class="single-teacher mb-30">
                                                <div class="teacher-img">
                                                    <img src="web_openeducat/static/src/img/teacher-3.jpg" alt="img1"
                                                         class="img-fluid pb24"/>
                                                </div>
                                                <div class="teacher-content-visible">
                                                    <h4>Emi Matsuura</h4>
                                                    <h5>Lecturer</h5>
                                                </div>
                                                <div class="teacher-content-wrap">
                                                    <div class="teacher-content">
                                                        <h4>Emi Matsuura</h4>
                                                        <h5>Lecturer</h5>
                                                        <p>Tempor incididunt magna aliqua.</p>
                                                        <div class="teacher-social">
                                                            <ul>
                                                                <li>
                                                                    <a class="facebook" href="#">
                                                                        <i class="fa fa-facebook"></i>
                                                                    </a>
                                                                </li>
                                                                <li>
                                                                    <a class="youtube-play" href="#">
                                                                        <i class="fa fa-youtube-play"></i>
                                                                    </a>
                                                                </li>
                                                                <li>
                                                                    <a class="twitter" href="#">
                                                                        <i class="fa fa-twitter"></i>
                                                                    </a>
                                                                </li>
                                                                <li>
                                                                    <a class="google-plus" href="#">
                                                                        <i class="fa fa-google-plus"></i>
                                                                    </a>
                                                                </li>
                                                            </ul>
                                                        </div>
                                                    </div>
                                                </div>
                                            </div>
                                        </div>

                                        <div class="custom-col-5">
                                            <div class="single-teacher mb-30">
                                                <div class="teacher-img">
                                                    <img src="web_openeducat/static/src/img/teacher-4.jpg" alt="img1"
                                                         class="img-fluid pb24"/>
                                                </div>
                                                <div class="teacher-content-visible">
                                                    <h4>Dennis Fries</h4>
                                                    <h5>Lecturer</h5>
                                                </div>
                                                <div class="teacher-content-wrap">
                                                    <div class="teacher-content">
                                                        <h4>Dennis Fries</h4>
                                                        <h5>Lecturer</h5>
                                                        <p>Tempor incididunt magna aliqua.</p>
                                                        <div class="teacher-social">
                                                            <ul>
                                                                <li>
                                                                    <a class="facebook" href="#">
                                                                        <i class="fa fa-facebook"></i>
                                                                    </a>
                                                                </li>
                                                                <li>
                                                                    <a class="youtube-play" href="#">
                                                                        <i class="fa fa-youtube-play"></i>
                                                                    </a>
                                                                </li>
                                                                <li>
                                                                    <a class="twitter" href="#">
                                                                        <i class="fa fa-twitter"></i>
                                                                    </a>
                                                                </li>
                                                                <li>
                                                                    <a class="google-plus" href="#">
                                                                        <i class="fa fa-google-plus"></i>
                                                                    </a>
                                                                </li>
                                                            </ul>
                                                        </div>
                                                    </div>
                                                </div>
                                            </div>
                                        </div>

                                        <div class="custom-col-5">
                                            <div class="single-teacher mb-30">
                                                <div class="teacher-img">
                                                    <img src="web_openeducat/static/src/img/teacher-5.jpg" alt="img1"
                                                         class="img-fluid pb24"/>
                                                </div>
                                                <div class="teacher-content-visible">
                                                    <h4>Vern G. Shor</h4>
                                                    <h5>Lecturer</h5>
                                                </div>
                                                <div class="teacher-content-wrap">
                                                    <div class="teacher-content">
                                                        <h4>Vern G. Shor</h4>
                                                        <h5>Lecturer</h5>
                                                        <p>Tempor incididunt magna aliqua.</p>
                                                        <div class="teacher-social">
                                                            <ul>
                                                                <li>
                                                                    <a class="facebook" href="#">
                                                                        <i class="fa fa-facebook"></i>
                                                                    </a>
                                                                </li>
                                                                <li>
                                                                    <a class="youtube-play" href="#">
                                                                        <i class="fa fa-youtube-play"></i>
                                                                    </a>
                                                                </li>
                                                                <li>
                                                                    <a class="twitter" href="#">
                                                                        <i class="fa fa-twitter"></i>
                                                                    </a>
                                                                </li>
                                                                <li>
                                                                    <a class="google-plus" href="#">
                                                                        <i class="fa fa-google-plus"></i>
                                                                    </a>
                                                                </li>
                                                            </ul>
                                                        </div>
                                                    </div>
                                                </div>
                                            </div>
                                        </div>
                                    </div>
                                </div>
                            </section>
                            <section class="pt64 pb64" id="event"
                                     style="background-image:url(&quot; /web_openeducat/static/src/img/bg-3.jpg &quot;)">
                                <div class="container">
                                    <div class="row">
                                        <div class="col-12 col-sm-12 col-md-12 col-lg-12">
                                            <div class="border-left border-primary px-3">
                                                <h2 class="text-black font-weight-bold text_format">Our
                                                    <span class="text-primary font-weight-normal">Event</span>
                                                </h2>
                                                <p>tempor incididunt ut labore et dolore magna aliqua. Ut enim ad minim
                                                    <br/>
                                                    veniam, quis nostrud exercitation ullamco laboris nisi ut aliquip
                                                </p>
                                            </div>
                                        </div>
                                        <div class="row pt32">
                                            <div class="col-12 col-sm-12 col-md-4 col-lg-4">
                                                <div class="single-event bg-white">
                                                    <div class="event-img">
                                                        <a href="#" target="_blank">
                                                            <img src="web_openeducat/static/src/img/event-1.jpg"
                                                                 alt="event1"
                                                                 class="img-fluid"/>
                                                        </a>

                                                        <div class="event-date-wrap">
                                                            <span class="event-date">1st</span>
                                                            <span>Jan</span>
                                                        </div>
                                                    </div>
                                                    <div class="event-content">
                                                        <h5 class="font-weight-bold">
                                                            <a href="#">Academic Conference Maui.</a>
                                                        </h5>
                                                        <p>Pvolupttem accusantium doloremque laudantium, totam
                                                            erspiciatis unde omnis iste
                                                            natus error .
                                                        </p>
                                                        <div class="event-meta-wrap">
                                                            <div class="event-meta pb8">
                                                                <i class="fa fa-location-arrow"></i>
                                                                <span>Birmingham ,Alabama</span>
                                                            </div>
                                                            <div class="event-meta">
                                                                <i class="fa fa-clock-o"></i>
                                                                <span>10:30 am</span>
                                                            </div>
                                                        </div>
                                                    </div>
                                                </div>


                                            </div>
                                            <div class="col-12 col-sm-12 col-md-4 col-lg-4">
                                                <div class="single-event bg-white">
                                                    <div class="event-img">
                                                        <a href="#" target="_blank">

                                                            <img src="web_openeducat/static/src/img/event-2.jpg"
                                                                 alt="event2"
                                                                 class="img-fluid"/>
                                                        </a>

                                                        <div class="event-date-wrap">
                                                            <span class="event-date">12th</span>
                                                            <span>Feb</span>
                                                        </div>
                                                    </div>
                                                    <div class="event-content">
                                                        <h5 class="font-weight-bold">
                                                            <a href="#">Social Sciences &amp; Education.</a>
                                                        </h5>
                                                        <p>Pvolupttem accusantium doloremque laudantium, totam
                                                            erspiciatis unde omnis iste
                                                            natus error .
                                                        </p>
                                                        <div class="event-meta-wrap">
                                                            <div class="event-meta pb8">
                                                                <i class="fa fa-location-arrow"></i>
                                                                <span>Sitka ,Alaska</span>
                                                            </div>
                                                            <div class="event-meta">
                                                                <i class="fa fa-clock-o"></i>
                                                                <span>11:30 am</span>
                                                            </div>
                                                        </div>
                                                    </div>
                                                </div>

                                            </div>

                                            <div class="col-12 col-sm-12 col-md-4 col-lg-4">
                                                <div class="single-event bg-white">
                                                    <div class="event-img">
                                                        <a href="#" target="_blank">

                                                            <img src="web_openeducat/static/src/img/event-3.jpg"
                                                                 alt="event3"
                                                                 class="img-fluid"/>
                                                        </a>

                                                        <div class="event-date-wrap">
                                                            <span class="event-date">2nd</span>
                                                            <span>Dec</span>
                                                        </div>
                                                    </div>
                                                    <div class="event-content">
                                                        <h5 class="font-weight-bold">
                                                            <a href="#">Health &amp; Safety Awareness.</a>
                                                        </h5>
                                                        <p>Pvolupttem accusantium doloremque laudantium, totam
                                                            erspiciatis unde omnis iste
                                                            natus error .
                                                        </p>
                                                        <div class="event-meta-wrap">
                                                            <div class="event-meta pb8">
                                                                <i class="fa fa-location-arrow"></i>
                                                                <span>San Francisco ,California</span>
                                                            </div>
                                                            <div class="event-meta">
                                                                <i class="fa fa-clock-o"></i>
                                                                <span>12:00 pm</span>
                                                            </div>
                                                        </div>
                                                    </div>
                                                </div>

                                            </div>

                                        </div>
                                    </div>
                                </div>
                            </section>

                            <section id="newsfeed" class="pt64 pb64">
                                <div class="container">
                                    <div class="row">
                                        <div class="col-12 col-sm-12 col-md-12 col-lg-12">
                                            <div class="border-left border-primary px-3">
                                                <h2 class="text-black font-weight-bold text_format">Our
                                                    <span class="text-primary font-weight-normal">Newsfeed</span>
                                                </h2>
                                                <p>tempor incididunt ut labore et dolore magna aliqua. Ut enim ad minim
                                                    <br/>
                                                    veniam, quis nostrud exercitation ullamco laboris nisi ut aliquip
                                                </p>
                                            </div>
                                        </div>
                                        <div class="row pt32">
                                            <div class="col-12 col-sm-12 col-md-6 col-lg-3 pb32">
                                                <div class="hovereffect">
                                                    <a href="#">
                                                        <img src="web_openeducat/static/src/img/blog-1.jpg"
                                                             class="img-fluid"/>
                                                    </a>
                                                </div>
                                                <div class="bg-white">
                                                    <span class="blog-title">Education</span>
                                                    <div class="blog-content">
                                                        <h6 class="font-weight-bold">
                                                            <a href="#">Testing is a great thing.</a>
                                                        </h6>
                                                        <p>doloremque laudan tium, totam ersps uns iste natus</p>
                                                        <ul class="d-flex list-unstyled">
                                                            <li class="mr-4">
                                                                <a href="#">
                                                                    <i class="fa fa-user text-primary"></i>
                                                                    Helen R. Penny
                                                                </a>
                                                            </li>
                                                            <li>
                                                                <a href="#">
                                                                    <i class="fa fa-comments-o text-primary"></i>
                                                                    15
                                                                </a>
                                                            </li>
                                                        </ul>
                                                    </div>
                                                    <div class="blog-date bg-primary">
                                                        <a href="#" class="text-white">
                                                            <i class="fa fa-calendar-o mr-2"></i>
                                                            Feb, 24th 2018
                                                        </a>
                                                    </div>
                                                </div>
                                            </div>
                                            <div class="col-12 col-sm-12 col-md-6 col-lg-3 pb32">
                                                <div class="hovereffect">
                                                    <a href="#">
                                                        <img src="web_openeducat/static/src/img/blog-2.jpg"
                                                             class="img-fluid"/>
                                                    </a>
                                                </div>
                                                <div class="bg-white">
                                                    <span class="blog-title">Education</span>
                                                    <div class="blog-content">
                                                        <h6 class="font-weight-bold">
                                                            <a href="#">A variation of the ordinary.</a>
                                                        </h6>
                                                        <p>doloremque laudan tium, totam ersps uns iste natus</p>
                                                        <ul class="d-flex list-unstyled">
                                                            <li class="mr-4">
                                                                <a href="#">
                                                                    <i class="fa fa-user text-primary"></i>
                                                                    Viola C. Anderson
                                                                </a>
                                                            </li>
                                                            <li>
                                                                <a href="#">
                                                                    <i class="fa fa-comments-o text-primary"></i>
                                                                    10
                                                                </a>
                                                            </li>
                                                        </ul>
                                                    </div>
                                                    <div class="blog-date bg-primary">
                                                        <a href="#" class="text-white">
                                                            <i class="fa fa-calendar-o mr-2 "></i>
                                                            June, 30th 2018
                                                        </a>
                                                    </div>

                                                </div>
                                            </div>
                                            <div class="col-12 col-sm-12 col-md-6 col-lg-3 pb32">
                                                <div class="hovereffect">
                                                    <a href="#">
                                                        <img src="web_openeducat/static/src/img/blog-3.jpg"
                                                             class="img-fluid"/>
                                                    </a>
                                                </div>
                                                <div class="bg-white">
                                                    <span class="blog-title">Education</span>
                                                    <div class="blog-content">
                                                        <h6 class="font-weight-bold">
                                                            <a href="#">In Publicing and graphic.</a>
                                                        </h6>
                                                        <p>doloremque laudan tium, totam ersps uns iste natus</p>
                                                        <ul class="d-flex list-unstyled">
                                                            <li class="mr-4">
                                                                <a href="#">
                                                                    <i class="fa fa-user text-primary"></i>
                                                                    Peggy C. Schuler
                                                                </a>
                                                            </li>
                                                            <li>
                                                                <a href="#">
                                                                    <i class="fa fa-comments-o text-primary"></i>
                                                                    12
                                                                </a>
                                                            </li>
                                                        </ul>
                                                    </div>
                                                    <div class="blog-date bg-primary">
                                                        <a href="#" class="text-white">
                                                            <i class="fa fa-calendar-o mr-2"></i>
                                                            July, 14th 2018
                                                        </a>
                                                    </div>
                                                </div>
                                            </div>
                                            <div class="col-12 col-sm-12 col-md-6 col-lg-3">
                                                <div class="hovereffect">
                                                    <a href="#">
                                                        <img src="web_openeducat/static/src/img/blog-4.jpg"
                                                             class="img-fluid"/>
                                                    </a>
                                                </div>
                                                <div class="bg-white">
                                                    <span class="blog-title">Education</span>
                                                    <div class="blog-content">
                                                        <h6 class="font-weight-bold">
                                                            <a href="#">Learn english in ease.</a>
                                                        </h6>
                                                        <p>doloremque laudan tium, totam ersps uns iste natus</p>
                                                        <ul class="d-flex list-unstyled">
                                                            <li class="mr-4">
                                                                <a href="#">
                                                                    <i class="fa fa-user text-primary"></i>
                                                                    May C. Dyer
                                                                </a>
                                                            </li>
                                                            <li>
                                                                <a href="#">
                                                                    <i class="fa fa-comments-o text-primary"></i>
                                                                    20
                                                                </a>
                                                            </li>
                                                        </ul>
                                                    </div>
                                                </div>
                                                <div class="blog-date bg-primary">
                                                    <a href="#" class="text-white">
                                                        <i class="fa fa-calendar-o mr-2"></i>
                                                        Aug, 24th 2018
                                                    </a>
                                                </div>
                                            </div>
                                        </div>
                                    </div>
                                </div>
                            </section>

                        </div>
                    </t>
                </t>
            </field>
        </record>
        <record id="home_option_1_demo_page" model="website.page">
            <field name="name">Home</field>
            <field name="url">/home-option-1</field>
            <field name="view_id" ref="web_openeducat.home_page"/>
            <field name="website_indexed">True</field>
            <field name="website_published">True</field>
            <field name="website_id" ref="website.default_website"/>
            <field name="is_homepage">True</field>
        </record>
    </data>
</odoo>
