<?xml version="1.0" encoding="utf-8"?>
<odoo>
    <data noupdate="1">
        <record id="op_parent_1" model="op.parent">
            <field name="name" ref="openeducat_parent.res_partner_33"/>
            <field name="student_ids"
                   eval="[(6,0, [ref('openeducat_core.op_student_1'), ref('openeducat_core.op_student_4')])]"/>
            <field name="relationship_id" ref="openeducat_parent.op_parent_relationship_1"/>
        </record>

        <record id="openeducat_parent.res_partner_33" model="res.partner">
            <field name="user_id" ref="openeducat_parent.user_parent"/>
        </record>
    </data>
</odoo>
